rto_code,rto_name
CH01,"RLA,CHANDIGARH"
CG04,"RTO,RAIPUR"
CG05,"DTO,DHAMTARI"
CG06,"DTO,MAHASAMUND"
CG07,"ADDL.RTO,DURG"
CG08,"ADDL.RTO,RAJNANDGAON"
CG09,"DTO,KABIRDHAM"
CG10,"RTO,BILASHPUR"
CG11,"DTO,JANGIR_CHAMPA"
CG12,"ADDL.RTO,KORBA"
CG13,"ADDL.RTO,RAIGARH"
CG14,"DTO,JASHPUR"
CG15,"ADDL.RTO,AMBIKAPUR"
CG16,"DTO,BAIKUNTHPUR"
CG17,"RTO,JAGDALPUR"
CG18,"DTO,DANTEWADA"
CG19,"DTO,KANKER"
CG22,"DTO,BALODABAZAR"
CG23,"DTO,GARIYABAND"
CG24,"DTO,BALOD"
CG25,"DTO,BEMETARA"
CG26,"DTO,SUKMA"
CG27,"DTO,KONDAGAON"
CG28,"DTO,MUNGELI"
CG29,"DTO,SURAJPUR"
CG30,"DTO,BALRAMPUR"
DN09,"RLA, SILVASSA, DNH UT"
DD02,"RTO,DIU"
DD03,"RTO,DAMAN"
KA01,"RTO,KORAMANGALA"
KA02,"RTO,BANGALORE (WEST)"
KA03,"RTO,BANGALORE (EAST)"
KA04,"RTO,BANGALORE (NORTH)"
KA05,"RTO,BANGALORE (SOUTH)"
KA06,"RTO,TUMKUR"
KA07,"RTO,KOLAR"
KA08,"RTO,CORMONDAL"
KA09,"RTO,MYSORE"
KA10,"RTO,CHAMARAJ NAGAR"
KA11,"RTO,MANDYA"
KA12,"RTO,MADEIKERI"
KA13,"RTO,HASSAN"
KA14,"RTO,SHIMOGA"
KA15,"ASST.RTO,SAGAR"
KA16,"RTO,CHITRADURGA"
KA17,"RTO,DAVANAGERE"
KA18,"RTO,CHICKMAGALUR"
KA19,"RTO,MANGALORE."
KA20,"RTO,UDUPI"
KA21,"RTO,PUTTUR"
KA22,"RTO,BELGAUM"
KA23,"RTO,CHIKKODI"
KA24,"ASST.RTO,BAILAHONGALA"
KA25,"RTO,DHARWAD"
KA26,"RTO,GADAG"
KA27,"RTO,HAVERI"
KA28,"RTO,BIJAPUR"
KA29,"RTO,BAGALKOT"
KA30,"RTO,KARWAR"
KA31,"RTO,SIRSI"
KA32,"RTO,GULBARGA"
KA33,"RTO,YADAGIRI"
KA34,"RTO,BELLARY"
KA35,"RTO,HOSPET"
KA36,"RTO,RAICHUR"
KA37,"RTO,KOPPAL"
KA38,"RTO,BIDAR"
KA39,"ASST.RTO,BHALKI"
KA40,"RTO,CHIKKABALLAPURA"
KA41,"RTO,BANGALORE"
KA42,"RTO,RAMANAGARA"
KA43,"ASST.RTO,DEVENAHALLI"
KA44,"ASST.RTO,TIPTUR"
KA45,"ASST.RTO,HUNSUR"
KA46,"ASST.RTO,SAKALESHPURA"
KA47,"ASST.RTO,HONNAVARA"
KA48,"ASST.RTO,JAMAKHANDI"
KA49,"ASST.RTO,GOKAK"
KA50,"RTO,YELAHANKA"
KA51,"RTO,CHENNAKESHAVANAGAR"
KA52,"RTO,NELAMANGALA"
KA53,"RTO, K.R.PURAM"
KA54,"ASST.RTO,NAGAMANGALA"
KA55,"RTO,MYSORE EAST"
KA56,"RTO, BASAVAKALYAN"
KA64,ARTO MADHUGIRI
KA65,ARTO DANDELI
KA66,"ARTO,TARIKERE,CHICKMAGALUR DISTRICT, KARNATAKA."
KL01,"RTO,THIRUVANANTHAPURAM"
KL02,"RTO,KOLLAM"
KL03,"RTO,PATHANAMTHITTA"
KL04,"RTO,ALAPPUZHA"
KL05,"RTO,KOTTAYAM"
KL06,"RTO,IDUKKI"
KL07,"RTO,ERNAKULAM"
KL08,"RTO,THRISSUR"
KL09,"RTO,PALAKKAD"
KL10,"RTO,MALAPPURAM"
KL11,"RTO,KOZHIKODE"
KL12,"RTO,WAYANAD"
KL13,"RTO,KANNUR"
KL14,"RTO,KASARAGOD"
KL15,RTO-NATIONAL SECTOR
KL16,"RTO,ATTINGAL"
KL17,"RTO,MUVATTUPUZHA"
KL18,"RTO,VADAKARA"
KL19,"SRTO,PARASSALA"
KL20,"SRTO,NEYYATTINKARA"
KL21,"SRTO,NEDUMANGAD"
KL22,"SRTO,KAZHAKUTTOM"
KL23,"SRTO,KARUNAGAPPALLY"
KL24,"SRTO,KOTTAKKARA"
KL25,"SRTO,PUNALUR"
KL26,"SRTO,ADOOR"
KL27,"SRTO,THIRUVALLA"
KL28,"SRTO,MALLAPPALLY"
KL29,"SRTO,KAYAMKULAM"
KL30,"SRTO,CHENGANNUR"
KL31,"SRTO,MAVELIKKARA"
KL32,"SRTO,CHERTHALA"
KL33,"SRTO,CHANGANACHERRY"
KL34,"SRTO,KANJIRAPPALLY"
KL35,"SRTO,PALA"
KL36,"SRTO,VAIKKOM"
KL37,"SRTO,VANDIPERIYAR"
KL38,"SRTO,THODUPUZHA"
KL39,"SRTO,TRIPUNITHURA"
KL40,"SRTO,PERUMBAVOOR"
KL41,"SRTO,ALUVA"
KL42,"SRTO,NORTH PARAVOOR"
KL43,"SRTO,MATTANCHERRY"
KL44,"SRTO,KOTHAMANGALAM"
KL45,"SRTO,IRANJALAKKUDA"
KL46,"SRTO,GURUVAYOOR"
KL47,"SRTO,KODUNGALLUR"
KL48,"SRTO,VADAKKANCHERRY"
KL49,"SRTO,ALATHUR"
KL50,"SRTO,MANNARKKAD"
KL51,"SRTO,OTTAPPALAM"
KL52,"SRTO,PATTAMBI"
KL53,"SRTO,PERINTHALMANNA"
KL54,"SRTO,PONNANI"
KL55,"SRTO,TIRUR"
KL56,"SRTO,KOYILANDY"
KL57,"SRTO,KODUVALLY"
KL58,"SRTO,THALASSERY"
KL59,"SRTO,THALIPARAMBA"
KL60,"SRTO,KANHANGAD"
KL61,"SRTO, KUNNATHUR"
KL62,"SRTO, RANNI"
KL63,"SRTO, ANGAMALI"
KL64,"SRTO, CHALAKKUDY"
KL65,"SRTO, THIRURANGADI"
AN01,"O/O THE LICENSING AUTHORITY,PORT BLAIR"
AP002,RTA ANANTAPUR
AP003,RTA CHITTOOR
AP004,RTA CUDDAPAH
AP005,RTA EAST GODAVARI-KAKINADA
AP007,RTA GUNTUR
AP016,RTA VIJAYAWADA
AP021,RTA KURNOOL
AP026,RTA NELLORE
AP027,RTA PRAKASAM
AP030,RTA SRIKAKULAM
AP031,RTA VISHAKAPATNAM
AP035,RTA VIZIANAGARAM
AP037,RTA WEST GODAVARI - ELURU
AP102,RTA HINDUPUR
AP103,RTA TIRUPATI
AP104,MVI OFFICE BADVEL
AP105,RTA RAJAHMUNDRY
AP107,RTA NARASARAOPET
AP116,RTA GUDIWADA
AP121,RTA NANDYAL
AP126,MVI OFFICE ATMAKUR
AP127,UNIT OFFICE CHIRALA
AP130,MVI OFFICE ITCHAPURAM
AP131,RTA ANAKAPALLI
AP135,MVI OFFICE PARVATHIPURAM
AP137,RTA BHIMAVARAM
AP202,UNIT OFFICE GUNTAKAL
AP203,UNIT OFFICE MADANAPALLE
AP204,RTA PRODDUTUR
AP205,RTA AMALAPURAM
AP207,MVI OFFICE BAPATLA
AP216,UNIT OFFICE MACHILIPATNAM
AP221,UNIT OFFICE ADONI
AP226,RTA GUDUR
AP227,MVI OFFICE KANDUKUR
AP230,MVI OFFICE PALAKONDA
AP231,RTA GAJUWAKA
AP235,MVI OFFICE SALUR
AP237,UNIT OFFICE JANGAREDDY GUDEM
AP302,MVI OFFICE KADIRI
AP303,MVI OFFICE PALAMANER
AP304,MVI OFFICE PULIVENDULA
AP305,UNIT OFFICE KATHIPUDI
AP307,MVI CHILAKALURIPETA
AP316,RTA NANDIGAMA
AP321,MVI OFFICE ATMAKUR-KURNOOL
AP326,UNIT OFFICE KAVALI
AP327,UNIT OFFICE MARKAPUR
AP330,MVI OFFICE PALASA
AP331,MVI OFFICE NARSIPATNAM
AP337,UNIT OFFICE KOVVURU
AP402,UNIT OFFICE TADIPATRI
AP403,MVI OFFICE PILER
AP404,MVI OFFICE RAJAMPET
AP405,UNIT OFFICE MANDAPETA
AP407,MVI OFFICE MACHERLA
AP416,UNIT OFFICE NUZVID
AP421,MVI OFFICE DHONE
AP426,UNIT OFFICE SULLURPET
AP427,UNIT OFFICE DARSI
AP430,MVI OFFICE TEKKALI
AP437,UNIT OFFICE TADEPALLI GUDEM
AP503,MVI OFFICE PUTTUR
AP504,MVI OFFICE RAYACHOTI
AP505,MVI OFFICE PEDDAPURAM
AP507,MVI OFFICE MANGALAGIRI
AP516,UNIT OFFICE VUYYURU
AP537,UNIT OFFICE TANUKU
AP603,MVI OFFICE SRIKALAHASTHI
AP607,UNIT OFFICE PIDUGURALLA
AP616,UNIT OFFICE JAGGAYYAPET
AP637,UNIT OFFICE PALAKOLE
AP705,UNIT OFFICE RAVULAPALEM
AP707,UNIT OFFICE TENALI
AP905,MVI OFFICE CHINTOOR
AR01,"DTO, ITANAGAR"
AR03,"DTO,TAWANG"
AR04,"DTO,BOMDILA"
AR05,"DTO,SEPPA"
AR06,"DTO,ZIRO"
AR07,"DTO,DAPORIJO"
AR08,"DTO,ALONG"
AR09,"DTO,PASIGHAT"
AR10,DTO ANINI
AR11,"DTO,TEZU"
AR12,"DTO,CHANGLANG"
AR13,"DTO,KHONSA"
AR14,DTO YINGKIONG
AR15,DTO KOLORIANG
AR16,"DTO,ROING"
AR17,"DTO, HAWAI"
AS01,"DTO,KAMRUP"
AS02,"DTO,NAGAON"
AS03,"DTO,JORHAT"
AS04,"DTO,SIVSAGAR"
AS05,"DTO,GOLAGHAT"
AS06,"DTO,DIBRUGARH"
AS07,"DTO,LAKHIMPUR"
AS08,"DTO,N.C HILLS"
AS09,"DTO,KARBI ANGLOG"
AS10,"DTO,KARIMGANJ"
AS11,"DTO,SILCHAR"
AS12,"DTO,SONITPUR"
AS13,"DTO,DARRANG"
AS14,"DTO,NALBARI"
AS15,"DTO,BARPETA"
AS16,"DTO,KOKRAJHAR"
AS17,"DTO,DHUBRI"
AS18,"DTO,GOALPARA"
AS19,"DTO,BONGAIGAON"
AS21,"DTO,MORIGAON"
AS22,"DTO,DHEMAJI"
AS23,"DTO,TINSUKIA"
AS24,"DTO,HAILAKANDI"
AS25,"DTO, KAMRUP RURAL"
AS26,"DTO,CHIRANG"
AS27,"DTO,UDALGURI"
AS28,"DTO,BAKSA"
BR01,"DTO, PATNA"
BR02,"DTO, GAYA"
BR03,"DTO, BHOJPUR"
BR04,"DTO, CHAPARA"
BR05,"DTO, MOTIHARI"
BR06,"DTO, MUZAFFARPUR"
BR07,"DTO, DARBHANGA"
BR08,"DTO, MUNGER"
BR09,"DTO, BEGUSARAI"
BR10,"DTO, BHAGALPUR"
BR11,"DTO, PURNEA"
BR19,"DTO, SAHARSA"
BR21,"DTO, NALANDA"
BR22,"DTO, BETTIAH"
BR24,"DTO, ROHTAS"
BR25,"DTO, JEHANABAD"
BR26,"DTO, AURANGABAD"
BR27,"DTO, NAWADAH"
BR28,"DTO, GOPALGANJ"
BR29,"DTO, SIWAN"
BR30,"DTO, SITAMARHI"
OD01,"RTO,BALASORE"
OD02,"RTO,BHUBANESWAR"
OD02K,"ASST.RTO,KHURDA"
OD03,"RTO,BOLANGIR"
OD04,"RTO,CHANDIKHOL"
OD05,"RTO,CUTTACK"
OD06,"RTO,DHENKANAL"
OD07,"RTO,GANJAM"
OD08,"RTO,KALAHANDI"
OD09,"RTO,KEONJHAR"
OD09B,"ADDL.RTO,BARBIL"
OD10,"RTO,KORAPUT"
OD11,"RTO,MAYURBHANJ"
OD11R,"ASST.RTO,RAIRANGPUR"
OD12,"RTO,PHULBANI"
OD13,"RTO,PURI"
OD14,"RTO,ROURKELA"
OD15,"RTO,SAMBALPUR"
OD16,"RTO,SUNDERGARH"
OD17,"RTO,BARAGARH"
OD18,"RTO,RAYAGADA"
OD19,"RTO,ANGUL"
OD20,"RTO,GAJAPATI"
OD21,"RTO,JAGATSINGHPUR"
OD22,"RTO,BHADRAK"
OD23,"RTO,JHARSUGUDA"
OD24,"RTO,NAWARANGPUR"
OD25,"RTO,NAYAGARH"
OD26,"RTO,NUAPADA"
OD27,"RTO,BOUDH"
OD28,"RTO,DEOGARH"
OD29,"RTO,KENDRAPARA"
OD30,"RTO,MALKANGIRI"
OD31,"RTO,SUBARNAPUR"
OD32,"RTO,BHANJANAGAR"
OD33,"RTO,BHUBANESWAR-II"
OD34,"RTO,JAJPUR"
OD35,"RTO,TALCHER"
OD99,"GOVT.DRIVING TRAINING SCHOOL,BHUBANESWAR"
PY01,"RTO,PUDUCHERRY"
PY01B,BAHOUR
PY02,"RTO,KARAIKAL"
PY03,UNIT OFFICE MAHE
PY04,UNIT OFFICE YANAM
PY05,OULGARET
PY05V,THIRUBHUVANAI
PB01,"STA,PUNJAB"
PB02,"DTO,AMRITSAR"
PB03,"DTO,BATHINDA"
PB04,"DTO,FARIDKOT"
PB05,"DTO,FEROZEPUR"
PB06,"DTO,GURDASPUR"
PB07,"DTO,HOSHIARPUR"
PB08,"DTO,JALANDHAR"
PB09,"DTO,KAPURTHALA"
PB10,"DTO,LUDHIANA"
PB11,"DTO,PATIALA"
PB12,"DTO,ROPAR"
PB13,"DTO,SANGRUR"
PB14,"SDM,AJNALA"
PB15,"SDM,ABOHAR"
PB16,"SDM,ANANDPUR SAHIB"
PB17,"SDM,BABA BAKALA"
PB18,"SDM,BATALA"
PB19,"DTO,BARNALA"
PB20,"SDM,BALACHAUR"
PB21,"SDM,DASUYA"
PB22,"SDM,FAZILKA"
PB23,"DTO,FATEHGARH SAHIB"
PB24,"SDM,GARHSHANKAR"
PB25,"SDM,JAGRAON"
PB26,"SDM,KHANNA"
PB27,"SDM,KHARAR"
PB28,"SDM,MALERKOTLA"
PB29,"DTO,MOGA"
PB30,"DTO,MUKTSAR"
PB31,"DTO,MANSA"
PB32,"DTO,NAWANSHAHAR"
PB33,"SDM,NAKODAR"
PB34,"SDM,NABHA"
PB35,"SDM,PATHANKOT"
PB36,"SDM,PHAGWARA"
PB37,"SDM,PHILLAUR"
PB38,"SDM, PATTI"
PB39,"SDM,RAJPURA"
PB40,"SDM,RAMPURA PHUL"
PB41,"SDM,SULTANPUR LODHI"
PB42,"SDM,SAMANA"
PB43,"SDM,SAMRALA"
PB44,"SDM,SUNAM"
PB45,"SDM,TALWANDI SABO"
PB46,"DTO,TARAN TARAN"
PB47,"SDM,ZIRA"
PB48,"SDM,AMLOH"
PB49,"SDM,KHAMAO"
PB50,"SDM,BUDHLADA"
PB51,"SDM,SARDULGARH"
PB52,"SDM,BASSI"
PB53,"SDM,MALOUT"
PB54,"SDM,MUKERIAN"
PB55,"SDM,PAYAL"
PB56,"SDM,RAIKOT"
PB57,"SDM,BHOLATH"
PB58,"SDM,DERA BABA NANAK"
PB59,"SDM,DHURI"
PB60,"SDM,GIDDERBAHA"
PB61,"SDM,JALALABAD"
PB62,"SDM,JAITU"
PB63,"SDM,KHADOOR SAHIB"
PB64,"SDM,MOONAK"
PB65,"DTO,SASNAGAR"
PB66,"SDM,NIHAL SINGH WALA"
PB67,"SDM,SHAHKOT"
PB68,"SDM,DHAR KALAN"
PB69,"SDM,BAGHAPURANA"
PB70,"SDM,DERABASSI"
PB71,"SDM,CHAMKAUR SAHIB"
PB72,"SDM,PATRAN"
PB73,"SDM,TAPA"
PB74,"SDM,NANGAL"
RJ01,"RTO, AJMER"
RJ02,"RTO, ALWAR"
RJ02A,"SUB OFFICE, BEHROR"
RJ03,"DTO, BANSWARA"
RJ04,"DTO, BARMER"
RJ05,"DTO, BHARATPUR"
RJ05A,"SUB OFFICE, DEEG"
RJ06,"DTO, BHILWARA"
RJ07,"RTO, BIKANER"
RJ08,"DTO, BUNDI"
RJ09,"RTO, CHITTORGARH"
RJ10,"DTO, CHURU"
RJ10A,"SUB OFFICE, RAJGARH"
RJ11,"DTO, DHOLPUR"
RJ12,"DTO, DUNGARPUR"
RJ13,"DTO, SRI-GANGANAGAR"
RJ13A,"SUB OFFICE, SURATGARH"
RJ14,"RTO, JAIPUR"
RJ15,"DTO, JAISALMER"
RJ15A,"SUB OFFICE, POKRAN"
RJ16,"DTO, JALORE"
RJ16B,"SUB OFFICE, SANCHOR"
RJ17,"DTO, JHALAWAR"
RJ18,"DTO, JHUNJHUNU"
RJ18A,"SUB OFFICE, KHETRI"
RJ19,"RTO, JODHPUR"
RJ19A,"SUB OFFICE, PIPAD CITY"
RJ19B,"SUB OFFICE, FALODI"
RJ20,"RTO, KOTA"
RJ21,"DTO, NAGAUR"
RJ21A,"SUB OFFICE, MAKRANA"
RJ21B,"SUB OFFICE, MEDTACITY"
RJ22,"DTO, PALI"
RJ22A,"SUB OFFICE, SUMERPUR"
RJ22B,"SUB OFFICE, SOJAT"
RJ23,"RTO, SIKAR"
RJ23A,"SUB OFFICE, RINGUS"
RJ23B,"SUB OFFICE, NEEMKATHANA"
RJ24,"DTO, SIROHI"
RJ25,"DTO, SWAIMADHOPUR"
BR31,"DTO, VAISHALI"
BR32,"DTO, MADHUBANI"
BR33,"DTO, SAMASTIPUR"
BR34,"DTO, KHAGARIA"
BR37,"DTO, KISHANGANJ"
BR38,"DTO, ARAREA"
BR39,"DTO, KATIHAR"
BR43,"DTO, MADHEPURA"
BR44,"DTO, BUXUR"
BR45,"DTO, BHABHUA"
BR46,"DTO, JAUMUI"
BR50,"DTO, SUPAUL"
BR51,"DTO, BANKA"
BR52,"DTO, SHEIKHPURA"
BR53,"DTO, LAKHISARAI"
BR55,"DTO, SHEOHAR"
BR56,"DTO, ARAWAL"
RJ25A,"SUB OFFICE, GANGAPURCITY"
RJ26,"DTO, TONK"
RJ26A,"SUB OFFICE, NIWAI"
RJ26B,"SUB OFFICE, UNIARA"
RJ27,"RTO, UDAIPUR"
RJ27A,"SUB OFFICE, SALUMBAR"
RJ28,"DTO, BARAN"
RJ29,"RTO, DAUSA"
RJ30,"DTO, RAJSAMAND"
RJ30A,"SUB OFFICE, NATHDWARA"
RJ30B,"SUB OFFICE, BHIM"
RJ31,"DTO, HANUMANGARH"
RJ32,"DTO, KOTPUTALI"
RJ33,"DTO, RAMGANJMANDI"
RJ34,"DTO, KAROLI"
RJ34A,"SUB OFFICE, HINDON"
RJ35,"DTO, PRATAPGARH"
RJ36,"DTO, BEAWAR"
RJ37,"DTO, DIDWANA"
RJ37A,"SUB OFFICE, NAVA"
RJ38,"DTO, ABU ROAD"
RJ39,"DTO, BALOTRA"
RJ40,"DTO, BHIWADI"
RJ41,"DTO, CHOMU"
RJ42,"DTO, KISHANGARH"
RJ43,"DTO, FALODI"
RJ44,"DTO, SUJANGARH"
RJ45,"RTO, JAIPUR (NORTH)"
RJ46,"DTO, BHINMAL"
RJ47,"DTO, DUDU"
RJ48,"DTO, KEKRI"
RJ49,"DTO, NOHAR"
RJ50,"DTO, NOKHA"
RJ51,"DTO, SHAHPURA, BHILWARA"
RJ52,"DTO, SHAHPURA, JAIPUR"
SK01,"RTO,EAST SIKKIM"
SK02,"RTO,WEST SIKKIM"
SK03,"RTO,NORTH SIKKIM"
SK04,"RTO,SOUTH SIKKIM"
TN01,"RTO,CHENNAI (CENTRAL)"
TN02,"RTO,CHENNAI (NORTH WEST),"
TN03,"RTO,CHENNAI (NORTH EAST),"
TN04,"RTO,CHENNAI (EAST),"
TN05,"RTO,CHENNAI (NORTH)"
TN06,"RTO,CHENNAI (SOUTH EAST)"
TN07,"RTO,CHENNAI (SOUTH),"
TN09,"RTO,CHENNAI (WEST),"
TN10,"RTO,CHENNAI (SOUTH WEST)"
TN11,"RTO OFFICE,TAMBARAM,"
TN12,"RTO, POONAMALEE,"
TN13,"RTO, AMBATTUR"
TN14,"RTO,SHOLINGANALLUR,"
TN15,"RTO,ULUNDURPET,"
TN15Z,"UO, KALLAKURICHI"
TN16,"RTO OFFICE,TINDIVANAM,"
TN16Z,"UNIT OFFICE , GINGEE"
TN18,"RTO,REDHILLS"
TN18Y,"UNIT OFFICE, GUMIDIPOONDI"
TN19,"RTO, CHENGALPATTU"
TN19Z,"UNIT OFFICE, MADURANTAGAM,"
TN20,"RTO,THIRUVALLUR"
TN20X,"UNIT OFFICE, TIRUTHANI"
TN21,"RTO, KANCHEEPURAM"
TN21W,"UO, SRIPERUMBUDUR"
TN22,"RTO, MEENAMBAKKAM"
TN23,"RTO, VELLORE"
TN23T,"UNIT OFFICE,GUDIYATHAM,"
TN24,"RTO, KRISHNAGIRI"
TN25,"RTO, TIRUVANAMALAI"
TN25Y," UNIT OFFICE, CHEYYAR      "
TN25Z,"UNIT OFFICE, ARANI,"
TN28,"RTO, NAMAKKAL NORTH"
TN28Z,"UNIT OFFICE,RASIPURAM,"
TN29,"RTO, DHARMAPURI"
TN29T,"UNIT OFFICE,HARUR,"
TN29W,"UO, PALACODE"
TN30,"RTO, (SALEM -WEST)"
TN30W,"UNIT OFFICE,OMALUR,"
TN31,"RTO, CUDALORE"
TN31Z,UNIT OFFICE PANRUTI
TN32,"RTO,VILLUPURAM"
TN33,"RTO,ERODE EAST"
TN34,"RTO, TIRUCHENCODE"
TN36,"RTO, COBICHETTIPALAYAM"
TN36W,"UNIT OFFICE,BHAVANI,"
TN36Z,"UNIT OFFICE,SATHIAMANGALAM,"
TN37,"RTO, COIMBATORE (SOUTH)"
TN37Z,"UO, SULUR"
TN38,"RTO,COIMBATORE (NORTH)"
TN39,"RTO, TIRUPUR (NORTH)"
TN39Z,"UO, AVINASHI"
TN40,"RTO, METTUPALAYAM"
TN41,"RTO, POLLACHI"
TN41W,"UNIT OFFICE, VALPARAI"
TN42,"RTO, TIRUPUR (SOUTH)"
TN42Y,"UO, KANGAYAM"
TN43,"RTO, OOTY"
TN43Z,"UNIT OFFICE, GUDALUR,"
TN45,"RTO,TIRUCHIRAPPALLI WEST"
TN45Z,"UNIT OFFICE, MANAPARAI,"
TN46,"RTO, PERAMBALUR"
TN47,"RTO, KARUR"
TN47Y,"UNIT OFFICE, ARAVAKURICHI"
TN47Z,"UNIT OFFICE, KULITHALAI,"
TN48,"RTO, SRIRANGAM"
TN48X,"UNIT OFFICE, LALKUDI"
TN48Y,"UO, MUSURI"
TN48Z,"UNIT OFFICE, THURAIYUR,"
TN49,"RTO,TANJAVUR"
TN49Y,"UNIT OFFICE, PATTUKOTTAI"
TN50,"RTO, TIRUVARUR"
TN50Z,"UNIT OFFICE, MANNARKUDI,"
TN51,"RTO, NAGAPATTINAM"
TN52,"RTO, SANGAGIRI"
TN52Z,"UNIT OFFICE, METTUR,"
TN54,"RTO,SALEM (EAST)"
TN55,"RTO, PUDUKOTTAI"
TN55Y,"UNIT OFFICE, ILLUPPUR"
TN55Z,"UNIT OFFICE, ARANTHANGI,"
TN56,"RTO, PERUNDURAI"
TN57,"RTO, DINDIGUL"
TN57R,"UNIT OFFICE, ODDANCHATRAM"
TN57V,"UO, VEDASANDUR"
TN57W,"UO, BATLAGUNDU"
TN57Z,"UNIT OFFICE, PALANI,"
TN58,"RTO, MADURAI  (SOUTH)"
DL1,"DY.DIR.ZONAL OFFICE,NORTHZONE,MALL ROAD"
DL10,"DY.DIR.ZONAL OFFICE,NORTH WEST DISTRICT-II,ROHINI"
DL11,"DY.DIR.ZONAL OFFICE,WEST DISTT-II,RAJOURI GARDEN"
DL12,"DY.DIR.ZONAL OFFICE,SOUTH WEST DISTT,VASANT VIHAR"
DL13,"DY.DIR.ZONAL OFFICE,EAST DISTT -II,SURAJMAHALVIHAR"
DL2,"DY.DIR.ZONAL OFFICE,NEW DELHI,TILAK MARG"
DL3,"DY.DIR.ZONAL OFFICE,SOUTH DELHI,SHEIKH SARAI"
DL4,"DY.DIR.ZONAL OFFICE,WEST DELHI,JANAKPURI"
DL5,"DY.DIR.ZONAL OFFICE,DELHI NORTH EAST, LONI ROAD"
DL6,"DY.DIR.ZONAL OFFICE,CENTRAL DELHI,SARAI KALE KHAN"
DL7,"DY.DIR.ZONAL OFFICE,EAST DELHI,MAYUR VIHAR"
DL8,"DY.DIR.ZONAL OFFICE,DELHI NORTH WEST,WAZIRPUR"
DL9,"DY.DIR.ZONAL OFFICE,SOUTH WEST DELHI,JANAKPURI"
GA03,"ASST.D.O.T,MAPUSA"
GA04,"ASST.D.O.T,BICHOLIM"
GA05,"ASST.D.O.T,PONDA"
GA06,"ASST.D.O.T,VASCO"
GA07,"ASST.D.O.T,PANAJI"
GA08,"ASST.D.O.T,MARGAO"
GA09,"ASST.D.O.T,QUEPEM"
GA10,"ASST.D.O.T,CANACONA"
GA11,"ASST.D.O.T,PERNEM"
GA12,"ASST.D.O.T,DHARBANDORA"
GJ01,"RTO,AHMEDABAD"
GJ01W,"WIAA,AHMEDABAD"
GJ02,"RTO,PALAVASANA"
GJ03,"RTO,PORBANDAR HIGHWAY"
GJ04,"RTO,BHAVNAGAR"
GJ05,"RTO,SURAT"
GJ06,"RTO,VADODARA"
GJ07,"RTO,NADIAD"
GJ08,"RTO,BANASKANTHA"
GJ09,"RTO,SABARKANTHA"
GJ10,"RTO,JAMNAGAR"
GJ11,"RTO,JUNAGADH"
GJ12,"RTO,BHUJ-KACHCHH"
GJ13,"ASST.RTO,SURENDRANGAR"
GJ14,"ASST.RTO,AMRELI"
GJ15,"RTO,VALSAD"
GJ16,"ASST.RTO,BHARUCH"
GJ17,"RTO,GODHRA"
GJ18,"ASST.RTO,GANDHINAGAR"
GJ19,"ASST.RTO,BARDOLI"
GJ20,"ASST.RTO,DAHOD"
GJ21,"ASST.RTO,NAVSARI"
GJ22,"ASST.RTO,NARMADA"
GJ23,"ASST.RTO,ANAND"
GJ24,"ASST.RTO,PATAN"
GJ25,"ASST.RTO,PORBANDAR"
GJ26,"ASST.RTO,VYARA"
GJ27,"ASST.RTO,AHMEDABAD(EAST)"
GJ30,"ASST.RTO,AAHWA"
GJ31,RTO ARVALLI (MODASA)
GJ32,RTO GIRSOMNATH (VERAVAL)
GJ33,RTO BOTAD
GJ34,RTO CHHOTAUDAIPUR
GJ35,RTO MAHISAGAR (LUNAVADA)
GJ36,RTO MORBI
GJ37,RTO DEVBHOOMI DWARKA (KHAMBHALIYA)
GJ38,"ASST.RTO AHMEDABAD(RURAL),BAVLA"
HR01,"RLA, AMBALA"
HR02,"RLA, JAGADHARI"
HR03,"RLA, PANCHKULA"
HR04,"RLA, NARAINGARH"
HR05,"RLA, KARNAL"
HR06,"RLA, PANIPAT"
HR07,"RLA, KURUKSHETRA"
HR08,"RLA,  KAITHAL"
HR09,"RLA, GUHLA"
HR10,"RLA, SONIPAT"
HR11,"RLA, GOHANA"
HR12,"RLA,ROHTAK"
HR13,"RLA, BAHADURGARH"
HR14,"RLA, JHAJJAR"
HR15,"RLA, MEHAM"
HR16,"RLA, BHIWANI"
HR17,"RLA, SIWANI"
HR18,"RLA, LOHARU"
HR19,"RLA, CHARKHI DADRI"
HR20,"RLA, HISAR"
HR21,"RLA, HANSI"
HR22,"RLA, FETEHABAD"
HR23,"RLA, TOHANA"
HR24,"RLA, SIRSA"
HR25,"RLA, DABWALI"
HR26,"RLA, GURGAON"
HR27,"RLA, NUH"
HR28,"RLA, FEROZEPUR ZIRKHA"
HR29,"RLA, BALLABGARH"
HR30,"RLA,  PALWAL"
HR31,"RLA, JIND"
HR32,"RLA, NARWANA"
HR33,"RLA, SAFIDON"
HR34,"RLA, MOHINDERGARH"
HR35,"RLA, NARNAUL"
HR36,"RLA, REWARI"
HR37,"RTA, AMBALA"
HR38,"RTA, FARIDABAD"
HR39,"RTA, HISAR"
HR40,"RLA, ASSANDH"
HR41,"RLA, PEHOWA"
HR42,"RLA, GANAUR"
HR43,"RLA, KOSLI"
HR44,"RLA, ELLENABAD"
HR45,"RTA,KARNAL"
HR46,"RTA,ROHTAK"
HR47,"RTA,REWARI"
HR48,"RLA, TOSHAM"
HR49,"RLA, KALKA"
HR50,"RLA, HODEL"
HR51,"RLA, FARIDABAD"
HR52,"RLA, HATHIN"
HR53,CANCEL (ADAMPUR)
HR54,"RLA, BARARA"
HR55,"RTA,GURGAON"
HR56,"RTA,JIND"
HR57,"RTA,SIRSA"
HR58,"RTA,YAMUNA NAGAR"
HR59,"RLA, RATIA"
HR60,"RLA, SAMALKHA"
HR61,"RTA,BHIWANI"
HR62,"RTA,FATEHABAD"
HR63,"RTA,JHAJJAR"
HR64,"RTA,KAITHAL"
HR65,"RTA,KURUKSHETRA"
HR66,"RTA,MOHINDERGARH"
HR67,"RTA,PANIPAT"
HR68,"RTA,PANCHKULA"
HR69,"RTA,SONIPAT"
HR70,"STA,HARYANA(HQ)"
HR71,"RLA, BILASPUR"
HR72,"RLA, GURGAON(SOUTH)"
HR73,"RTA,PALWAL"
HR74,"RTA,MEWAT(NUH)"
HR75,"SDO(CIVIL),INDIRI"
HR76,"SDO(CIVIL),PATAUDI"
HR77,"SDO(CIVIL),BERI"
HR78,"RLA,SHAHABAD"
HR79,"RLA,KHARKHONDA"
HR80,"RLA,SDO(CIVIL), BARWALA"
HR81,"RLA, SDO(CIVIL), BAWAL"
HR82,"SDM OFFICE,KANINA"
HR83,"RLA, KALAYAT"
HP03,"RLA,SHIMLA-URBAN"
HP06,"RLA,RAMPUR"
HP08,"RLA,CHAUPAL"
HP09,"RLA,THEOG"
HP10,"RLA,ROHRU"
HP11,"RLA,ARKI"
HP12,"RLA,NALAGARH"
HP13,"RLA,KANDAGHAT"
HP14,"RLA,SOLAN"
HP15,"RLA,PARWANOO"
HP16,"RLA,RAJGARH"
HP17,"RLA,PONTA SAHIB"
HP18,"RLA,NAHAN"
HP19,"RLA,AMB"
HP20,"RLA,UNA"
HP21,"RLA,BARSAR"
HP22,"RLA,HAMIRPUR"
HP23,"RLA,GHUMARWIN"
HP24,"RLA,BILASPUR SADAR"
HP25,"RLA,KALPA"
HP26,"RLA,NICHAR (BHABANAGAR)"
HP27,"RLA,POOH"
HP28,"RLA,SARKAGHAT"
HP29,"RLA,JOGINDERNAGAR"
HP30,"RLA,KARSOG"
HP31,"RLA,SUNDERNAGAR"
HP32,"RLA,GOHAR"
HP33,"RLA,MANDI SADAR"
HP34,"RLA,KULLU"
HP35,"RLA,ANNI"
HP36,"RLA,DEHRA"
HP37,"RLA,PALAMPUR"
HP38,"RLA,NURPUR"
HP39,"RLA,DHARAMSALA"
HP40,"RLA,KANGRA"
HP41,"RLA,KAZA"
HP42,"RLA,KEYLONG"
HP43,"RLA,UDAIPUR"
HP44,"RLA,CHURAH"
HP45,"RLA,PANGI"
HP46,"RLA,BHARMOUR"
HP47,"RLA,DALHOUSIE"
HP48,"RLA,CHAMBA"
HP49,"RLA,BANJAR"
HP51,"RLA,SHIMLA-RURAL"
HP53,"RLA,BAIJNATH"
HP54,"RLA,JAWALI"
HP55,"RLA,NADUAN"
HP56,"RLA,JAISINGHPUR"
HP57,"RLA,CHOWARI"
HP58,"RLA,MANALI"
HP62,"RLA,STA SHIMLA"
HP63,"RTO,SHIMLA"
HP64,"RTO,SOLAN"
HP65,"RTO,MANDI"
HP66,"RTO,KULLU"
HP67,"RTO,HAMIRPUR"
HP68,"RTO,KANGRA"
HP69,"RTO,BILASPUR"
HP71,"RTO,NAHAN"
HP72,"RTO,UNA"
HP73,"RTO,CHAMBA"
HP74,"RLA,BHORANJ"
HP76,"RLA,PADDHAR"
HP77,"RLA,DODRA KAWAR"
HP78,"RLA,BANGANA"
HP79,RLA SANGRAH
HP80,RLA HAROLI
HP81,RLA SALOONI
HP82,RLA MANDI (RURAL)
HP83,RLA JAWALAMUKHI
HP84,RLA SUJANPUR
HP85,RLA SHILLAI
HP86,RLA DHARAMPUR
JK01,"RTO,KASHMIR"
JK02,"RTO,JAMMU"
JK03,"ASST.RTO,ANANTNAG"
JK04,"ASST.RTO,BUDGAM"
JK05,"ASST.RTO,BARAMULLA"
JK06,"ASST.RTO,DODA"
JK07,"ASST.RTO,KARGIL"
JK08,"ASST.RTO,KATHUA"
JK09,"ASST.RTO,KUPWARA"
JK10,"ASST.RTO,LEH"
JK11,"ASST.RTO,RAJOURI"
JK12,"ASST.RTO,POONCH"
JK13,"ASST.RTO,PULWAMA"
JK14,"ASST.RTO,UDHAMPUR"
JK15,ARTO BANDIPORA
JK16,ARTO GANDERBAL
JK17,ARTO KISHTWAR
JK18,ARTO KULGAM
JK19,ARTO RAMBAN
JK20,ARTO REASI
JK21,ARTO SAMBA
JK22,ARTO SHOPIAN
JH01,"DTO,RANCHI"
JH02,"DTO,HAZARIBAG"
JH03,"DTO,DALTONGANJ,PALAMU"
JH04,"DTO,DUMKA"
JH05,"DTO,EAST SINGHBHUM,JAMSHEDPUR"
JH06,"DTO,WEST SINGHBHUM,CHAIBASA"
JH07,"DTO,GUMLA"
JH08,"DTO,LOHARDAGA"
JH09,"DTO,BOKARO"
JH10,"DTO,DHANBAD"
JH11,"DTO,GIRIDIH"
JH12,"DTO,KODERMA"
JH13,"DTO,CHATRA"
JH14,"DTO,GARHWA"
JH15,"DTO,DEOGHAR"
JH16,"DTO,PAKUR"
JH17,"DTO,GODDA"
JH18,"DTO,SAHEBGANJ"
JH19,"DTO,LATEHAR"
JH20,"DTO,SIMDEGA"
JH21,"DTO,JAMTARA"
JH22,"DTO,SARAIKELA-KHARSAWAN"
JH23,D.T.O. Khunti
JH24,D.T.O. Ramgarh
TN58Z,"UNIT OFFICE, THIRUMANGALAM,"
TN59,"RTO,MADURAI   (NORTH)"
TN59V,"UNIT OFFICE, VADIPATTI,"
TN59W,"UNIT OFFICE, MELUR,"
TN60,"RTO, PERIYAKULAM"
TN60Z,"UNIT OFFICE, UTHAMAPALAYAM,"
TN61,"RTO, ARIYALUR"
TN63,"RTO, SIVAGANGAI"
TN63Z,"UNIT OFFICE, KARAIKUDI"
TN64,"RTO, MADURAI (CENTRAL)"
TN65,"RTO, RAMANATHAPURAM"
TN65Z,"UNIT OFFICE, PARAMAKUDI,"
TN66,"RTO,COIMBATORE (CENTRAL)"
TN67,"RTO, VIRUDHUNAGAR"
TN67W,"UO, ARUPPUKOTTAI"
TN68,"RTO,KUMBAKONAM"
TN69,"RTO, TUTICORIN"
TN69Z,"UNIT OFFICE, KOVILPATTI,"
TN70,"RTO, HOSUR"
TN72,"RTO,TIRUNELVELI"
TN72V,"UNIT OFFICE, VALLIYUR ,"
TN73,"RTO, RANIPET"
TN73Z,"UNIT OFFICE, ARAKKONAM,"
TN74,"RTO, NAGERCOIL"
TN75,"RTO, MARTHANDAM"
TN76,"RTO,TENKASI"
TN76V,"UO, AMBASAMUDURAM"
TN77,"RTO OFFICE, ATTUR"
TN77Z,"UO, VALAPADY"
TN78,"RTO OFFICE, DHARAPURAM,"
TN78Z,"UO, UDUMALPET"
TN79,"RTO, SANKARANKOIL,"
TN81,"RTO, TIRUCHIRAPPALLI EAST"
TN81Z,"UO, TIRUVERAMBUR"
TN82,"RTO, MAYILADUTHURAI,"
TN82Z,"UO, SIRKALI"
TN83,"RTO,VANIYAMBADI"
TN83Z,"UO, TIRUPATTUR"
TN84,"RTO, SRIVILLIPUTHUR,"
TN84Z,"UO, SIVAKASI"
TN85,"RTO, KUNDRATHUR"
TN86,"RTO, ERODE WEST"
TN88,"RTO, NAMAKKAL- SOUTH"
TN88Z,"UO, PARAMATHIVELLUR"
TN90,"RTO, SALEM SOUTH"
TN91,"The Regional Transport Office, Chidambaram,"
TN91Y,"The Motor Vehicles Inspector, Unit Office, Neyveli"
TN91Z,"The Motor Vehicles Inspector,Unit Office,"
TN92,"The Regional Transport Office, Tiruchendur"
TN99,"RTO, COIMBATORE WEST"
TS001,RTA ADILABAD
TS002,RTA KARIMNAGAR
TS003,RTA WARANGAL
TS004,RTA KHAMMAM
TS005,RTA NALGONDA
TS006,RTA MAHABOOBNAGAR
TS007,RTA RANGAREDDY
TS008,RTA RANGAREDDY EAST
TS009,RTA-HYDERABAD-CZ
TS010,RTA-HYDERABAD-NZ
TS011,RTA-HYDERABAD-EZ
TS012,RTA-HYDERABAD-SZ
TS013,RTA-HYDERABAD-WZ
TS015,RTA MEDAK-SANGAREDDY
TS016,RTA NIZAMABAD
TS101,RTA MANCHERIAL
TS102,UNIT OFFICE HUZURABAD
TS103,UNIT OFFICE JANGOAN
TS104,UNIT OFFICE BHADRACHALAM
TS105,UNIT OFFICE BHONGIR
TS106,UNIT OFFICE GADWAL
TS107,RTA MEDCHAL
TS108,RTA IBRAHIMPATNAM
TS115,RTA SIDDIPET
TS116,UNIT OFFICE ARMOOR
TS201,UNIT OFFICE ASIFABAD
TS202,UNIT OFFICE JAGITYAL
TS203,UNIT OFFICE MAHABUBABAD
TS204,UNIT OFFICE KOTHAGUDEM
TS205,UNIT OFFICE KODAD
TS206,UNIT OFFICE KALWAKURTHY
TS207,UNIT OFFICE PARGI
TS215,UNIT OFFICE ZAHIRABAD
TS216,UNIT OFFICE BHODAN
TS301,UNIT OFFICE NIRMAL
TS302,UNIT OFFICE PEDDAPALLI
TS304,UNIT OFFICE SATTUPALLI
TS305,UNIT OFFICE MIRYALAGUDA
TS306,UNIT OFFICE PEBBAIR
TS307,UNIT OFFICE KUKATPALLY
TS315,UNIT OFFICE MEDAK
TS316,UNIT OFFICE KAMAREDDY
TS402,UNIT OFFICE RAMAGUNDAM
TS404,UNIT OFFICE WYRA
TS405,UNIT OFFICE SURYAPET
TS406,UNIT OFFICE SHADNAGAR
TS415,UNIT OFFICE PATANCHERUVU
TS502,UNIT OFFICE SIRICILLA
TS602,UNIT OFFICE KORUTLA
TR01,"JTC,AGARTALA"
TR02,"DTO, UNAKOTI KAILASHAHAR"
TR03,"DTO,SOUTH TRIPURA"
TR04,"DTO,DHALAI"
TR05,"DTO, NORTH TRIPURA DHARMANAGAR"
TR06," DTO, TELIAMURA"
TR07," DTO, BISHRAMGANJ"
TR08," DTO, SOUTH TRIPURA"
TRA02,"DTO,KAILASHAHAR-NORTHTRIPURA"
TRB02,"DTO,DHARMANAGAR-NORTHTRIPURA"
UA07,"RTO, DEHRADUN"
UK01,"RTO, ALMORA"
UK02,"SUB RTO, BAGESHWAR"
UK03,"SUB RTO, TANAKPUR,CHAMPAWAT"
UK04,"RTO, HALDWANI,NAINITAL"
UK05,"SUB RTO, PITHORAGARH"
UK06,"SUB RTO, UDHAMSINGH NAGAR"
UK08,"SUB RTO, HARIDWAR"
UK09,"SUB RTO, TEHRI"
UK10,"SUB RTO, UTTARKASHI"
UK11,"SUB RTO, KARANPRAYAG,CHAMOLI"
UK12,"RTO, PAURI"
UK13,"SUB RTO, RUDRAPRAYAG"
UK14,"SUB RTO, RISHIKESH,DEHRADUN"
UK15,"SUB RTO, KOTDWAR,PAURI"
UK17,ARTO ROORKEE
AP02,RTA ANANTAPUR
AP03,RTA CHITTOOR
AP04,RTA CUDDAPAH
AP05,RTA EAST GODAVARI-KAKINADA
AP07,RTA GUNTUR
TS01,RTA ADILABAD
TS02,RTA KARIMNAGAR
TS03,RTA WARANGAL
TS04,RTA KHAMMAM
TS05,RTA NALGONDA
TS06,RTA MAHABOOBNAGAR
TS07,RTA RANGAREDDY
TS08,RTA RANGAREDDY EAST
TS09,RTA-HYDERABAD-CZ
AP02,RTA ANANTAPUR
AP03,RTA CHITTOOR
AP04,RTA CUDDAPAH
AP05,RTA EAST GODAVARI-KAKINADA
AP07,RTA GUNTUR
AP16,RTA VIJAYAWADA
AP21,RTA KURNOOL
AP26,RTA NELLORE
AP27,RTA PRAKASAM
AP30,RTA SRIKAKULAM
AP31,RTA VISHAKAPATNAM
AP35,RTA VIZIANAGARAM
AP37,RTA WEST GODAVARI - ELURU
OD2K,"ASST.RTO,KHURDA"
OD9B,"ADDL.RTO,BARBIL"
PY1B,BAHOUR
PY5V,THIRUBHUVANAI
RJ2A,"SUB OFFICE, BEHROR"
RJ5A,"SUB OFFICE, DEEG"
GJ1W,"WIAA,AHMEDABAD"
TS01,RTA ADILABAD
TS02,RTA KARIMNAGAR
TS03,RTA WARANGAL
TS04,RTA KHAMMAM
TS05,RTA NALGONDA
TS06,RTA MAHABOOBNAGAR
TS07,RTA RANGAREDDY
TS08,RTA RANGAREDDY EAST
TS09,RTA-HYDERABAD-CZ
TS10,RTA-HYDERABAD-NZ
TS11,RTA-HYDERABAD-EZ
TS12,RTA-HYDERABAD-SZ
KL66,"SRTO,KUTTANADU"
KL67,"SRTO, UZHAVOOR"
KL68,"SRTO, DEVIKULAM"
KL69,"SRTO, UDUMBANCHOLA"
KL70,"SRTO,CHITTUR"
KL71,"SRTO, NILAMBUR"
KL72,"SRTO, MANANTHAVADY"
KL73,"SRTO, SULTHANBATHERY"
LD01,"RTO,KAVARATTI"
MP04,"RTO,BHOPAL RTO"
MP05,"RTO,HOSHANGABAD RTO"
MP06,"RTO,MORENA RTO"
MP07,"RTO,GWALIOR RTO"
MP08,"ADDL.RTO,GUNA ARTO"
MP09,"RTO,INDORE RTO"
MP10,"ADDL.RTO,KHARGONE ARTO"
MP11,"ADDL.RTO,DHAR ARTO"
MP12,"ADDL.RTO,KHANDWA ARTO"
MP13,"RTO,UJJAIN RTO"
MP14,"ADDL.RTO,MANDSAUR ARTO"
MP15,"RTO,SAGAR RTO"
MP16,"ADDL.RTO,CHATTARPUR  ARTO"
MP17,"RTO,REWA RTO"
MP18,"RTO,SHAHDOL RTO"
MP19,"ADDL.RTO,SATNA ARTO"
MP20,"RTO,JABALPUR RTO"
MP21,"ADDL.RTO,KATNI ARTO"
MP22,"ADDL.RTO,SEONI ARTO"
MP28,"ADDL.RTO,CHHINDWARA ARTO"
MP30,"DTO,BHIND DTO"
MP31,"DTO,SHEOPUR DTO"
MP32,"DTO,DATIA DTO"
MP33,"DTO,SHIVPURI DTO"
MP34,"DTO,DAMOH DTO"
MP35,"DTO,PANNA DTO"
MP36,"DTO,TIKAMGARH DTO"
MP37,"DTO,SEHORE DTO"
MP38,"DTO,RAISEN DTO"
MP39,"DTO,RAJGARH DTO"
MP40,"DTO,VIDISHA DTO"
MP41,"DTO,DEWAS DTO"
MP42,"DTO,SHAJAPUR DTO"
MP43,"DTO,RATLAM DTO"
MP44,"DTO,NEEMUCH DTO"
MP45,"DTO,JHABUA DTO"
MP46,"DTO,BADWANI DTO"
MP47,"DTO,HARDA DTO"
MP48,"DTO,BETUL DTO"
MP49,"DTO,NARSINGHPUR DTO"
MP50,"DTO,BALAGHAT DTO"
MP51,"DTO,MANDLA DTO"
MP52,"DTO,DINDORI DTO"
MP53,"DTO,SIDHI DTO"
MP54,"DTO,UMARIA DTO"
MH01,"RTO,MUMBAI CENTRAL"
MH02,"RTO,MUMBAI (WEST"
MH03,"RTO,MUMBAI (EAST)"
MH04,"RTO,THANE"
MH05,"DY.RTO,KALYAN"
MH06,"DY.RTO,PEN(RAIGAD)"
MH07,"DY.RTO,SINDHUDURG"
MH08,"DY.RTO,RATNAGIRI"
MH09,"RTO,KOLHAPUR"
MH10,"DY.RTO,SANGLI"
MH11,"DY.RTO,SATARA"
MH12,"RTO,PUNE"
MH13,"DY.RTO,SOLAPUR"
MH14,"DY.RTO,PIMPRI-CHINCHWAD"
MH15,"RTO,NASHIK"
MH16,"DY.RTO,AHMEDNAGAR"
MH17,"DY.RTO,SHRIRAMPUR"
MH18,"DY.RTO,DHULE"
MH19,"DY.RTO,JALGAON"
MH20,"RTO,AURANGABAD"
MH21,"DY.RTO,JALNA"
MH22,"DY.RTO,PARBHANI"
MH23,"DY.RTO,BEED"
MH24,"RTO,LATUR"
MH25,"DY.RTO,OSMANABAD"
MH26,"RTO,NANDED"
MH27,"RTO,AMRAVATI"
MH28,"DY.RTO,BULDHANA"
MH29,"DY.RTO,YAWATMAL"
MH30,"DY.RTO,AKOLA"
MH31,"RTO,NAGPUR (URBAN)"
MH32,"DY. RTO,WARDHA"
MH33,"DY. RTO,GADCHIROLI"
MH34,"DY. RTO,CHANDRAPUR"
MH35,"DY. RTO,GONDIA"
MH36,"DY. RTO,BHANDARA"
MH37,"DY. RTO,VASHIM"
MH38,"DY. RTO,HINGOLI"
MH39,"DY. RTO,NANDURBAR"
MH40,"RTO,NAGPUR (RURAL)"
MH41,"DY.RTO,MALEGAON"
MH42,"DY.RTO,BARAMATI"
MH43,"DY.RTO,VASHI"
MH44,"DY.RTO,AMBEJOGAI"
MH45,"DY.RTO,AKLUJ"
MH46,"RTO, PANVEL"
MH47,"DY.RTO,BORIVALI"
MH48,DY. RTO VASAI-VIRAR
MH49,"DY.RTO, NAGPUR (EAST)"
MH50,"DY.RTO, KARAD"
MN01,"DTO, IMPHAL WEST"
MN02,"DTO, CHURACHANDPUR"
MN03,"DTO, KANGPOKPI"
MN04,"DTO, THOUBAL"
MN05,"DTO, BISHNUPUR"
MN06,"DTO, IMPHAL EAST"
MN07,Ukhrul
MN08,Senapati
ML04,"DTO,JOWAI"
ML05,"DTO,SHILLONG"
ML06,"DTO,NONGSTOIN"
ML07,"DTO,WILLIAMANAGAR"
ML08,"DTO,TURA"
ML09,"DTO,BAGHMARA"
ML10,"DTO,NONGPOH"
ML11,DTO KHLIEHRIAT
ML12,DTO MAWKYRWAT
ML13,DTO RESUBELPARA
ML14,DTO AMPATI
MZ01,"DTO,AIZAWL"
MZ02,"DTO,LUNGLEI"
MZ03,"DTO,SAIHA"
MZ04,"DTO,CHAMPHAI"
MZ05,"DTO,KOLASIB"
MZ06,"DTO,SERCHHIP"
MZ07,"DTO,LAWNGTLAI"
MZ08,"DTO,MAMIT"
NL01,"RTO, KOHIMA"
NL02,"RTO, MOKOKCHUNG"
NL03,"DTO, TUENSANG"
NL04,"DTO, MON"
NL05,"DTO, WOKHA"
NL06,"DTO, ZUNHEBOTO"
NL07,"DTO, DIMAPUR"
NL08,"DTO, PHEK"
UP11,"RTO,SAHARANPUR"
UP12,"ASST.RTO,MUZAFFARNAGAR"
UP13,"ASST.RTO, BULANDSHAHAR"
UP14,"RTO, GHAZIABAD"
UP15,"RTO, MEERUT"
UP16,"ASST.RTO, GAUTAMBUDHNAGAR"
UP17,"ASST.RTO, BAGHPAT"
UP19,"ARTO OFFICE,SHAMLI"
UP20,"ASST.RTO, BIJNOR"
UP21,"RTO, MORADABAD"
UP22,"ASST.RTO, RAMPUR"
UP23,"ASST.RTO, JYOTIBAPHULE NAGAR"
UP24,"ASST.RTO, BADAUN"
UP25,"RTO, BAREILLY"
UP26,"ASST.RTO, PILIBHIT"
UP27,"ASST.RTO, SHAHJAHANPUR"
UP30,"ASST.RTO, HARDOI"
UP31,"ASST.RTO, LAKHIMPUR KHIRI"
UP32,"RTO, LUCKNOW"
UP32A,"ARTO, MAHANAGAR LUCKNOW"
UP33,"ASST.RTO, RAEBARELI"
UP34,"ASST.RTO, SITAPUR"
UP35,"ASST.RTO, UNNAO"
UP36,"ARTO OFFICE,AMETHI"
UP37,"ARTO OFFICE,HAPUR"
UP38,"ARTO OFFICE,SAMBHAL"
UP40,"ASST.RTO, BAHRAICH"
UP41,"ASST.RTO, BARABANKI"
UP42,"RTO, FAIZABAD"
UP43,"RTO, GONDA"
UP44,"ASST.RTO, SULTANPUR"
UP45,"ASST.RTO, AMBEDKAR NAGAR"
UP46,"ASST.RTO, SHRAVASTI"
UP47,"ASST.RTO, BALRAMPUR"
UP50,"RTO, AZAMGARH"
UP51,"RTO, BASTI"
UP52,"ASST.RTO, DEORIA"
UP53,"RTO, GORAKHPUR"
UP54,"ASST.RTO, MAU"
UP55,"ASST.RTO, SIDDHARTHNAGAR"
UP56,"ASST.RTO, MAHRAJGANJ"
UP57,"ASST.RTO, PADRAUNA (KRUSHI NAGAR)"
UP58,"ASST.RTO, SANT KABIR NAGAR"
UP60,"ASST.RTO, BALLIA"
UP61,"ASST.RTO, GHAZIPUR"
UP62,"ASST.RTO, JAUNPUR"
UP63,"RTO, MIRZAPUR"
UP64,"ASST.RTO, SONBHADRA"
UP65,"RTO, VARANASI"
UP65A,"RTO EXTENTION COUNTER OFFICE, VARANASI"
UP66,"ASST.RTO, BHADOHI"
UP67,"ASST.RTO, CHANDAULI"
UP70,"RTO, ALLAHABAD"
UP71,"ASST.RTO, FATEHPUR"
UP72,"ASST.RTO, PRATAPGARH"
UP73,"ASST.RTO, KAUSHAMBI"
UP74,"ASST.RTO, KANNAUJ"
UP75,"ASST.RTO, ETAWAH"
UP76,"ASST.RTO, FARRUKHABAD"
UP77,"ASST.RTO, KANPUR DEHAT"
UP78,"RTO, KANPUR NAGAR"
UP79,"ASST.RTO, AURAIYA"
UP80,"RTO, AGRA"
UP81,"RTO, ALIGARH"
UP82,"ASST.RTO, ETAH"
UP83,"ASST.RTO, FIROZABAD"
UP84,"ASST.RTO, MAINPURI"
UP85,"ASST.RTO, MATHURA"
UP86,"ASST.RTO, HATHRASH (MAHAMAYA NAGAR)"
UP87,"ASST.RTO, KANSHIRAM NAGAR"
UP90,"RTO, BANDA"
UP91,"ASST.RTO, HAMIRPUR"
UP92,"ASST.RTO, JALAUN"
UP93,"RTO, JHANSI"
UP94,"ASST.RTO, LALITPUR"
UP95,"ASST.RTO, MAHOBA"
UP96,"ASST.RTO, CHITRAKOOT DHAM"
WB01,PUBLIC VEHICLES DEPARTMENT
WB05,"PUBLIC VEHICLES DEPARTMENT, KASBA UNIT"
WB07,"PUBLIC VEHICLES DEPARTMENT, SALT LAKE UNIT"
WB09,"PUBLIC VEHICLES DEPARTMENT, BEHALA UNIT"
WB11,"RTO,HOWRAH"
WB13,ARTO ULUBERIA
WB15,"RTO,HOOGHLY"
WB17,ARTO SERAMPORE
WB19,"RTO,ALIPUR"
WB21,ARTO BASIRHAT
WB23,"ADDL.RTO, BARRACKPORE"
WB25,"RTO,BARASAT"
WB27,ARTO BONGAON
WB29,"RTO,TAMLUK"
WB31,"RTO,CONTAI"
WB33,"RTO,MEDINIPUR"
WB35,ARTO KHRAGPUR
WB37,"ADDL.RTO,ASANSOLE"
WB39,"ADDL.RTO,DURGAPUR"
WB41,"RTO,BURDWAN"
WB43,ARTO KALNA
WB45,ARTO RAMPURHAT
WB47,ARTO BOLPUR
WB49,ARTO JHARGRAM
WB51,"RTO,NADIA"
WB53,"RTO,BIRBHUM"
WB55,"RTO,PURULIA"
WB57,"RTO,MURSHIDABAD"
WB59,"RTO,RAIGUNJ"
WB61,"RTO,BALUGHAT"
WB63,"RTO,COOCH BEHAR"
WB65,"RTO,MALDA"
WB67,"RTO,BANKURA"
WB69,"RTO,ALIPURDUAR"
WB71,"RTO,JALPAIGURI"
WB73,"RTO,SILIGURI"
WB77,"RTO,DARJEELING"
WB81,ARTO RAGHUNATHPUR
WB83,ARTO CHANCHAL
WB85,ARTO MATHABHANGA
WB87,ARTO BISHNUPUR
WB89,ARTO KALYANI
WB91,ARTO ISLAMPUR
WB93,ARTO JANGIPUR
WB95,ARTO BARUIPUR
WB97,ARTO DIAMOND HARBOUR
TS13,RTA-HYDERABAD-WZ
TS15,RTA MEDAK-SANGAREDDY
TS16,RTA NIZAMABAD
